--------------------------------------------------------
--  파일이 생성됨 - 목요일-5월-27-2021   
--------------------------------------------------------
--------------------------------------------------------
--  DDL for Table TOM_TAG_USER
--------------------------------------------------------

  CREATE TABLE "DB7"."TOM_TAG_USER" 
   (	"TUNO" NUMBER, 
	"UNO" NUMBER, 
	"TNO" NUMBER, 
	"LEADER" CHAR(1 BYTE) DEFAULT '0'
   ) SEGMENT CREATION IMMEDIATE 
  PCTFREE 10 PCTUSED 40 INITRANS 1 MAXTRANS 255 
 NOCOMPRESS LOGGING
  STORAGE(INITIAL 65536 NEXT 1048576 MINEXTENTS 1 MAXEXTENTS 2147483645
  PCTINCREASE 0 FREELISTS 1 FREELIST GROUPS 1
  BUFFER_POOL DEFAULT FLASH_CACHE DEFAULT CELL_FLASH_CACHE DEFAULT)
  TABLESPACE "USERS" ;
--------------------------------------------------------
--  DDL for Table TOM_BOARD_ATTACH
--------------------------------------------------------

  CREATE TABLE "DB7"."TOM_BOARD_ATTACH" 
   (	"BANO" NUMBER, 
	"BNO" NUMBER, 
	"ORIGINALNAME" VARCHAR2(300 BYTE), 
	"SAVENAME" VARCHAR2(100 BYTE), 
	"FILESIZE" NUMBER, 
	"DELETEDYN" CHAR(1 BYTE) DEFAULT 'N', 
	"REGDATE" DATE DEFAULT sysdate
   ) SEGMENT CREATION DEFERRED 
  PCTFREE 10 PCTUSED 40 INITRANS 1 MAXTRANS 255 
 NOCOMPRESS LOGGING
  TABLESPACE "USERS" ;
--------------------------------------------------------
--  DDL for Table TOM_PROFILE_ATTACH
--------------------------------------------------------

  CREATE TABLE "DB7"."TOM_PROFILE_ATTACH" 
   (	"UNO" NUMBER, 
	"UUID" VARCHAR2(100 BYTE), 
	"FILEPATH" VARCHAR2(100 BYTE), 
	"FILENAME" VARCHAR2(100 BYTE)
   ) SEGMENT CREATION IMMEDIATE 
  PCTFREE 10 PCTUSED 40 INITRANS 1 MAXTRANS 255 
 NOCOMPRESS LOGGING
  STORAGE(INITIAL 65536 NEXT 1048576 MINEXTENTS 1 MAXEXTENTS 2147483645
  PCTINCREASE 0 FREELISTS 1 FREELIST GROUPS 1
  BUFFER_POOL DEFAULT FLASH_CACHE DEFAULT CELL_FLASH_CACHE DEFAULT)
  TABLESPACE "USERS" ;
--------------------------------------------------------
--  DDL for Table TOM_TAGS
--------------------------------------------------------

  CREATE TABLE "DB7"."TOM_TAGS" 
   (	"TNO" NUMBER, 
	"TAGS" VARCHAR2(100 BYTE)
   ) SEGMENT CREATION IMMEDIATE 
  PCTFREE 10 PCTUSED 40 INITRANS 1 MAXTRANS 255 
 NOCOMPRESS LOGGING
  STORAGE(INITIAL 65536 NEXT 1048576 MINEXTENTS 1 MAXEXTENTS 2147483645
  PCTINCREASE 0 FREELISTS 1 FREELIST GROUPS 1
  BUFFER_POOL DEFAULT FLASH_CACHE DEFAULT CELL_FLASH_CACHE DEFAULT)
  TABLESPACE "USERS" ;
--------------------------------------------------------
--  DDL for Table TOM_TAG_BOARD
--------------------------------------------------------

  CREATE TABLE "DB7"."TOM_TAG_BOARD" 
   (	"TBNO" NUMBER, 
	"BNO" NUMBER, 
	"TNO" NUMBER
   ) SEGMENT CREATION IMMEDIATE 
  PCTFREE 10 PCTUSED 40 INITRANS 1 MAXTRANS 255 
 NOCOMPRESS LOGGING
  STORAGE(INITIAL 65536 NEXT 1048576 MINEXTENTS 1 MAXEXTENTS 2147483645
  PCTINCREASE 0 FREELISTS 1 FREELIST GROUPS 1
  BUFFER_POOL DEFAULT FLASH_CACHE DEFAULT CELL_FLASH_CACHE DEFAULT)
  TABLESPACE "USERS" ;
--------------------------------------------------------
--  DDL for Table TOM_SIREN
--------------------------------------------------------

  CREATE TABLE "DB7"."TOM_SIREN" 
   (	"SNO" NUMBER, 
	"KICKER" NUMBER, 
	"KICKED" NUMBER, 
	"REASON" VARCHAR2(1000 BYTE), 
	"KICKLOC" VARCHAR2(100 BYTE)
   ) SEGMENT CREATION IMMEDIATE 
  PCTFREE 10 PCTUSED 40 INITRANS 1 MAXTRANS 255 
 NOCOMPRESS LOGGING
  STORAGE(INITIAL 65536 NEXT 1048576 MINEXTENTS 1 MAXEXTENTS 2147483645
  PCTINCREASE 0 FREELISTS 1 FREELIST GROUPS 1
  BUFFER_POOL DEFAULT FLASH_CACHE DEFAULT CELL_FLASH_CACHE DEFAULT)
  TABLESPACE "USERS" ;
--------------------------------------------------------
--  DDL for Table TOM_BOARD
--------------------------------------------------------

  CREATE TABLE "DB7"."TOM_BOARD" 
   (	"BNO" NUMBER, 
	"HITCNT" NUMBER DEFAULT '0', 
	"TITLE" VARCHAR2(200 BYTE), 
	"CONTENT" VARCHAR2(2000 BYTE), 
	"WRITER" NUMBER, 
	"REGDATE" DATE DEFAULT sysdate, 
	"REPLYCNT" NUMBER DEFAULT '0', 
	"BOARDUP" NUMBER DEFAULT '0', 
	"BOARDDOWN" NUMBER DEFAULT '0', 
	"REPLYENABLED" CHAR(1 BYTE) DEFAULT '1', 
	"DELETEDYN" CHAR(1 BYTE) DEFAULT 'N'
   ) SEGMENT CREATION IMMEDIATE 
  PCTFREE 10 PCTUSED 40 INITRANS 1 MAXTRANS 255 
 NOCOMPRESS LOGGING
  STORAGE(INITIAL 65536 NEXT 1048576 MINEXTENTS 1 MAXEXTENTS 2147483645
  PCTINCREASE 0 FREELISTS 1 FREELIST GROUPS 1
  BUFFER_POOL DEFAULT FLASH_CACHE DEFAULT CELL_FLASH_CACHE DEFAULT)
  TABLESPACE "USERS" ;
--------------------------------------------------------
--  DDL for Table TOM_REPLY
--------------------------------------------------------

  CREATE TABLE "DB7"."TOM_REPLY" 
   (	"RNO" NUMBER, 
	"BNO" NUMBER, 
	"REPLY" VARCHAR2(1000 BYTE), 
	"REPLYER" NUMBER, 
	"REGDATE" DATE DEFAULT sysdate, 
	"REPLYUP" NUMBER DEFAULT '0', 
	"REPLYDOWN" NUMBER DEFAULT '0', 
	"DELETEDYN" CHAR(1 BYTE) DEFAULT 'N'
   ) SEGMENT CREATION IMMEDIATE 
  PCTFREE 10 PCTUSED 40 INITRANS 1 MAXTRANS 255 
 NOCOMPRESS LOGGING
  STORAGE(INITIAL 65536 NEXT 1048576 MINEXTENTS 1 MAXEXTENTS 2147483645
  PCTINCREASE 0 FREELISTS 1 FREELIST GROUPS 1
  BUFFER_POOL DEFAULT FLASH_CACHE DEFAULT CELL_FLASH_CACHE DEFAULT)
  TABLESPACE "USERS" ;
--------------------------------------------------------
--  DDL for Table TOM_MEMBER_INFO
--------------------------------------------------------

  CREATE TABLE "DB7"."TOM_MEMBER_INFO" 
   (	"UNO" NUMBER, 
	"USERID" VARCHAR2(50 BYTE), 
	"USERPW" VARCHAR2(100 BYTE), 
	"NICKNAME" VARCHAR2(100 BYTE), 
	"REGDATE" DATE DEFAULT sysdate, 
	"ENABLED" CHAR(1 BYTE) DEFAULT '1', 
	"EMAIL" VARCHAR2(100 BYTE), 
	"INTRODUCE" VARCHAR2(100 BYTE)
   ) SEGMENT CREATION IMMEDIATE 
  PCTFREE 10 PCTUSED 40 INITRANS 1 MAXTRANS 255 
 NOCOMPRESS LOGGING
  STORAGE(INITIAL 65536 NEXT 1048576 MINEXTENTS 1 MAXEXTENTS 2147483645
  PCTINCREASE 0 FREELISTS 1 FREELIST GROUPS 1
  BUFFER_POOL DEFAULT FLASH_CACHE DEFAULT CELL_FLASH_CACHE DEFAULT)
  TABLESPACE "USERS" ;
REM INSERTING into DB7.TOM_TAG_USER
SET DEFINE OFF;
Insert into DB7.TOM_TAG_USER (TUNO,UNO,TNO,LEADER) values (35,1,3,'0');
Insert into DB7.TOM_TAG_USER (TUNO,UNO,TNO,LEADER) values (42,1,24,'0');
Insert into DB7.TOM_TAG_USER (TUNO,UNO,TNO,LEADER) values (40,39,5,'1');
Insert into DB7.TOM_TAG_USER (TUNO,UNO,TNO,LEADER) values (26,6,17,'0');
Insert into DB7.TOM_TAG_USER (TUNO,UNO,TNO,LEADER) values (27,5,19,'0');
Insert into DB7.TOM_TAG_USER (TUNO,UNO,TNO,LEADER) values (29,6,0,'0');
Insert into DB7.TOM_TAG_USER (TUNO,UNO,TNO,LEADER) values (30,7,6,'0');
Insert into DB7.TOM_TAG_USER (TUNO,UNO,TNO,LEADER) values (31,7,8,'0');
Insert into DB7.TOM_TAG_USER (TUNO,UNO,TNO,LEADER) values (33,8,11,'0');
Insert into DB7.TOM_TAG_USER (TUNO,UNO,TNO,LEADER) values (32,8,14,'0');
Insert into DB7.TOM_TAG_USER (TUNO,UNO,TNO,LEADER) values (34,8,4,'0');
Insert into DB7.TOM_TAG_USER (TUNO,UNO,TNO,LEADER) values (1,1,2,'1');
Insert into DB7.TOM_TAG_USER (TUNO,UNO,TNO,LEADER) values (2,1,1,'1');
Insert into DB7.TOM_TAG_USER (TUNO,UNO,TNO,LEADER) values (3,1,5,'0');
Insert into DB7.TOM_TAG_USER (TUNO,UNO,TNO,LEADER) values (5,2,0,'1');
Insert into DB7.TOM_TAG_USER (TUNO,UNO,TNO,LEADER) values (7,2,3,'0');
Insert into DB7.TOM_TAG_USER (TUNO,UNO,TNO,LEADER) values (9,3,10,'1');
Insert into DB7.TOM_TAG_USER (TUNO,UNO,TNO,LEADER) values (10,3,9,'1');
Insert into DB7.TOM_TAG_USER (TUNO,UNO,TNO,LEADER) values (12,3,8,'0');
Insert into DB7.TOM_TAG_USER (TUNO,UNO,TNO,LEADER) values (13,4,12,'1');
Insert into DB7.TOM_TAG_USER (TUNO,UNO,TNO,LEADER) values (14,4,0,'1');
Insert into DB7.TOM_TAG_USER (TUNO,UNO,TNO,LEADER) values (15,4,16,'1');
Insert into DB7.TOM_TAG_USER (TUNO,UNO,TNO,LEADER) values (16,4,15,'0');
Insert into DB7.TOM_TAG_USER (TUNO,UNO,TNO,LEADER) values (18,4,13,'0');
Insert into DB7.TOM_TAG_USER (TUNO,UNO,TNO,LEADER) values (19,5,23,'1');
Insert into DB7.TOM_TAG_USER (TUNO,UNO,TNO,LEADER) values (20,5,0,'0');
Insert into DB7.TOM_TAG_USER (TUNO,UNO,TNO,LEADER) values (21,5,18,'0');
Insert into DB7.TOM_TAG_USER (TUNO,UNO,TNO,LEADER) values (22,5,22,'0');
Insert into DB7.TOM_TAG_USER (TUNO,UNO,TNO,LEADER) values (23,5,21,'0');
Insert into DB7.TOM_TAG_USER (TUNO,UNO,TNO,LEADER) values (24,5,20,'0');
Insert into DB7.TOM_TAG_USER (TUNO,UNO,TNO,LEADER) values (25,5,18,'0');
REM INSERTING into DB7.TOM_BOARD_ATTACH
SET DEFINE OFF;
REM INSERTING into DB7.TOM_PROFILE_ATTACH
SET DEFINE OFF;
Insert into DB7.TOM_PROFILE_ATTACH (UNO,UUID,FILEPATH,FILENAME) values (37,'ea34f503-eccb-489a-ae97-7bf02ea861a0','C:\profile-image','profile17.png');
Insert into DB7.TOM_PROFILE_ATTACH (UNO,UUID,FILEPATH,FILENAME) values (1,'b82a03bf-1c92-4ffa-b5af-d06b009a548a','C:\profile-image','profile17.png');
Insert into DB7.TOM_PROFILE_ATTACH (UNO,UUID,FILEPATH,FILENAME) values (2,'f1007fc3-aaab-456d-b536-f97f81faa7e0','C:\profile-image','profile8.png');
Insert into DB7.TOM_PROFILE_ATTACH (UNO,UUID,FILEPATH,FILENAME) values (39,'7a55b045-7f4a-469c-8786-8cb8517f0e77','C:\profile-image','profile17.png');
REM INSERTING into DB7.TOM_TAGS
SET DEFINE OFF;
Insert into DB7.TOM_TAGS (TNO,TAGS) values (24,'펜');
Insert into DB7.TOM_TAGS (TNO,TAGS) values (34,'공');
Insert into DB7.TOM_TAGS (TNO,TAGS) values (35,'양');
Insert into DB7.TOM_TAGS (TNO,TAGS) values (36,'새로운');
Insert into DB7.TOM_TAGS (TNO,TAGS) values (37,'샬호움');
Insert into DB7.TOM_TAGS (TNO,TAGS) values (38,'푸른곰팡이');
Insert into DB7.TOM_TAGS (TNO,TAGS) values (39,'야구');
Insert into DB7.TOM_TAGS (TNO,TAGS) values (25,'개미핥기');
Insert into DB7.TOM_TAGS (TNO,TAGS) values (0,'과자');
Insert into DB7.TOM_TAGS (TNO,TAGS) values (21,'빵');
Insert into DB7.TOM_TAGS (TNO,TAGS) values (22,'초콜렛');
Insert into DB7.TOM_TAGS (TNO,TAGS) values (23,'마카롱');
Insert into DB7.TOM_TAGS (TNO,TAGS) values (14,'쓰레기');
Insert into DB7.TOM_TAGS (TNO,TAGS) values (1,'필통');
Insert into DB7.TOM_TAGS (TNO,TAGS) values (2,'운동화');
Insert into DB7.TOM_TAGS (TNO,TAGS) values (3,'안경');
Insert into DB7.TOM_TAGS (TNO,TAGS) values (4,'수첩');
Insert into DB7.TOM_TAGS (TNO,TAGS) values (5,'책');
Insert into DB7.TOM_TAGS (TNO,TAGS) values (6,'텀블러');
Insert into DB7.TOM_TAGS (TNO,TAGS) values (7,'포크');
Insert into DB7.TOM_TAGS (TNO,TAGS) values (8,'샐러드');
Insert into DB7.TOM_TAGS (TNO,TAGS) values (9,'로션');
Insert into DB7.TOM_TAGS (TNO,TAGS) values (10,'아이폰');
Insert into DB7.TOM_TAGS (TNO,TAGS) values (11,'숟가락');
Insert into DB7.TOM_TAGS (TNO,TAGS) values (12,'모니터');
Insert into DB7.TOM_TAGS (TNO,TAGS) values (13,'나이키');
Insert into DB7.TOM_TAGS (TNO,TAGS) values (15,'커피');
Insert into DB7.TOM_TAGS (TNO,TAGS) values (16,'가죽필통');
Insert into DB7.TOM_TAGS (TNO,TAGS) values (17,'저렴이');
Insert into DB7.TOM_TAGS (TNO,TAGS) values (18,'아디다스');
Insert into DB7.TOM_TAGS (TNO,TAGS) values (19,'광고');
Insert into DB7.TOM_TAGS (TNO,TAGS) values (20,'나이키광고');
REM INSERTING into DB7.TOM_TAG_BOARD
SET DEFINE OFF;
Insert into DB7.TOM_TAG_BOARD (TBNO,BNO,TNO) values (11,1,1);
Insert into DB7.TOM_TAG_BOARD (TBNO,BNO,TNO) values (12,1,17);
Insert into DB7.TOM_TAG_BOARD (TBNO,BNO,TNO) values (26,1,6);
Insert into DB7.TOM_TAG_BOARD (TBNO,BNO,TNO) values (27,1,7);
Insert into DB7.TOM_TAG_BOARD (TBNO,BNO,TNO) values (25,1,2);
Insert into DB7.TOM_TAG_BOARD (TBNO,BNO,TNO) values (4,2,13);
Insert into DB7.TOM_TAG_BOARD (TBNO,BNO,TNO) values (5,2,19);
Insert into DB7.TOM_TAG_BOARD (TBNO,BNO,TNO) values (6,2,20);
Insert into DB7.TOM_TAG_BOARD (TBNO,BNO,TNO) values (7,2,7);
Insert into DB7.TOM_TAG_BOARD (TBNO,BNO,TNO) values (8,3,18);
Insert into DB7.TOM_TAG_BOARD (TBNO,BNO,TNO) values (9,3,15);
Insert into DB7.TOM_TAG_BOARD (TBNO,BNO,TNO) values (10,3,20);
REM INSERTING into DB7.TOM_SIREN
SET DEFINE OFF;
Insert into DB7.TOM_SIREN (SNO,KICKER,KICKED,REASON,KICKLOC) values (1,1,5,'욕설','댓글');
Insert into DB7.TOM_SIREN (SNO,KICKER,KICKED,REASON,KICKLOC) values (2,2,5,'불쾌감을 주는 컨텐츠','게시글');
REM INSERTING into DB7.TOM_BOARD
SET DEFINE OFF;
Insert into DB7.TOM_BOARD (BNO,HITCNT,TITLE,CONTENT,WRITER,REGDATE,REPLYCNT,BOARDUP,BOARDDOWN,REPLYENABLED,DELETEDYN) values (1,0,'가죽 필통 추천해줘','나 가죽 필통 사려고 하는데 추천 좀. 너무 비싼 거 말고.',1,to_date('21/05/10','RR/MM/DD'),2,0,0,'1','N');
Insert into DB7.TOM_BOARD (BNO,HITCNT,TITLE,CONTENT,WRITER,REGDATE,REPLYCNT,BOARDUP,BOARDDOWN,REPLYENABLED,DELETEDYN) values (2,0,'나이키 이번 광고 잘 뽑은듯','역시 나이키가 광고 하나는 잘 뽑음. 아디다스 광고는 대체로 ㅂㄹ..',4,to_date('21/05/10','RR/MM/DD'),2,0,0,'1','N');
Insert into DB7.TOM_BOARD (BNO,HITCNT,TITLE,CONTENT,WRITER,REGDATE,REPLYCNT,BOARDUP,BOARDDOWN,REPLYENABLED,DELETEDYN) values (3,1,'여기 다 잠수냐','ㅉㅉ뭐하냐',5,to_date('21/05/10','RR/MM/DD'),2,0,0,'1','N');
Insert into DB7.TOM_BOARD (BNO,HITCNT,TITLE,CONTENT,WRITER,REGDATE,REPLYCNT,BOARDUP,BOARDDOWN,REPLYENABLED,DELETEDYN) values (4,0,'이제 영화 못 보겠어..이번 주말에 뭐하고 놀지','영화보기 무서워',6,to_date('21/05/26','RR/MM/DD'),0,0,0,'1','N');
Insert into DB7.TOM_BOARD (BNO,HITCNT,TITLE,CONTENT,WRITER,REGDATE,REPLYCNT,BOARDUP,BOARDDOWN,REPLYENABLED,DELETEDYN) values (6,0,'집콕 취미 추천 목록이래요','요즘 코로나라서 할 게 없어ㅠ',7,to_date('21/05/26','RR/MM/DD'),0,0,0,'1','N');
Insert into DB7.TOM_BOARD (BNO,HITCNT,TITLE,CONTENT,WRITER,REGDATE,REPLYCNT,BOARDUP,BOARDDOWN,REPLYENABLED,DELETEDYN) values (7,0,'재밌게 본 넷플 목록','나랑 취향 겹치는 사람 찾는다',8,to_date('21/05/26','RR/MM/DD'),0,0,0,'1','N');
Insert into DB7.TOM_BOARD (BNO,HITCNT,TITLE,CONTENT,WRITER,REGDATE,REPLYCNT,BOARDUP,BOARDDOWN,REPLYENABLED,DELETEDYN) values (8,0,'올해 이디야 굿즈 솔직히 스벅급','그 애매하던 이디야가 맞냐 지갑이 웅장해진다',9,to_date('21/05/26','RR/MM/DD'),0,0,0,'1','N');
Insert into DB7.TOM_BOARD (BNO,HITCNT,TITLE,CONTENT,WRITER,REGDATE,REPLYCNT,BOARDUP,BOARDDOWN,REPLYENABLED,DELETEDYN) values (9,0,'ㅋㅋㅋ나 학교에서 완전 웃긴 거 봤어','뭐냐하면..안 알랴줌',10,to_date('21/05/26','RR/MM/DD'),0,0,0,'1','N');
Insert into DB7.TOM_BOARD (BNO,HITCNT,TITLE,CONTENT,WRITER,REGDATE,REPLYCNT,BOARDUP,BOARDDOWN,REPLYENABLED,DELETEDYN) values (10,0,'샘숭 롤러블 z-roll 뭐야ㅋㅋㅋㅋㅋㅋㅋ','네이밍 무슨 일ㅋㅋㅋㅋㅋㅋㅋㅋㅋ',11,to_date('21/05/26','RR/MM/DD'),0,0,0,'1','N');
Insert into DB7.TOM_BOARD (BNO,HITCNT,TITLE,CONTENT,WRITER,REGDATE,REPLYCNT,BOARDUP,BOARDDOWN,REPLYENABLED,DELETEDYN) values (11,0,'얼리어답터 모여봐봐','폴더블폰 뭐 살까',11,to_date('21/05/26','RR/MM/DD'),0,0,0,'1','N');
Insert into DB7.TOM_BOARD (BNO,HITCNT,TITLE,CONTENT,WRITER,REGDATE,REPLYCNT,BOARDUP,BOARDDOWN,REPLYENABLED,DELETEDYN) values (12,0,'집에만 있으니까..','완전 좋아 집콕 최고ㅎ',12,to_date('21/05/26','RR/MM/DD'),0,0,0,'1','N');
Insert into DB7.TOM_BOARD (BNO,HITCNT,TITLE,CONTENT,WRITER,REGDATE,REPLYCNT,BOARDUP,BOARDDOWN,REPLYENABLED,DELETEDYN) values (13,0,'사이트에 신기능 추가된다던데','대박..여기 업뎃 꾸준하네',13,to_date('21/05/26','RR/MM/DD'),0,0,0,'1','N');
Insert into DB7.TOM_BOARD (BNO,HITCNT,TITLE,CONTENT,WRITER,REGDATE,REPLYCNT,BOARDUP,BOARDDOWN,REPLYENABLED,DELETEDYN) values (14,0,'뭐야 카메라 태그 완전 인기 많네','너네 다 인싸인가보다',14,to_date('21/05/26','RR/MM/DD'),0,0,0,'1','N');
Insert into DB7.TOM_BOARD (BNO,HITCNT,TITLE,CONTENT,WRITER,REGDATE,REPLYCNT,BOARDUP,BOARDDOWN,REPLYENABLED,DELETEDYN) values (15,0,'게이밍 모니터 추천함','요새 144헤르츠까지 나오더라',15,to_date('21/05/26','RR/MM/DD'),0,0,0,'1','N');
Insert into DB7.TOM_BOARD (BNO,HITCNT,TITLE,CONTENT,WRITER,REGDATE,REPLYCNT,BOARDUP,BOARDDOWN,REPLYENABLED,DELETEDYN) values (16,0,'맛점!','뭐 먹었는지 댓글ㄱㄱ',16,to_date('21/05/26','RR/MM/DD'),0,0,0,'1','N');
Insert into DB7.TOM_BOARD (BNO,HITCNT,TITLE,CONTENT,WRITER,REGDATE,REPLYCNT,BOARDUP,BOARDDOWN,REPLYENABLED,DELETEDYN) values (17,0,'지금 볼펜 자바 꺼 쓰는데 필기감 좋은 국산펜 또 뭐 있지','아니야 그 300원짜리 모나미 넣어둬',17,to_date('21/05/26','RR/MM/DD'),1,0,0,'1','N');
Insert into DB7.TOM_BOARD (BNO,HITCNT,TITLE,CONTENT,WRITER,REGDATE,REPLYCNT,BOARDUP,BOARDDOWN,REPLYENABLED,DELETEDYN) values (18,0,'보드게임 좋아하는 분 있나요','게임 동호회 만들어보려고 합니다. 근데 이제 보드를 곁들인',18,to_date('21/05/26','RR/MM/DD'),2,0,0,'1','N');
Insert into DB7.TOM_BOARD (BNO,HITCNT,TITLE,CONTENT,WRITER,REGDATE,REPLYCNT,BOARDUP,BOARDDOWN,REPLYENABLED,DELETEDYN) values (19,0,'근데 치킨 좋아하는 사람은 피자도 좋아하는 듯?','댓글에서 싸우지 마 뭐해 둘 다 먹어야지',19,to_date('21/05/26','RR/MM/DD'),2,0,0,'1','N');
Insert into DB7.TOM_BOARD (BNO,HITCNT,TITLE,CONTENT,WRITER,REGDATE,REPLYCNT,BOARDUP,BOARDDOWN,REPLYENABLED,DELETEDYN) values (20,0,'오늘 가입했습니다','뭐하는 데에요 여기?',20,to_date('21/05/26','RR/MM/DD'),1,0,0,'1','N');
Insert into DB7.TOM_BOARD (BNO,HITCNT,TITLE,CONTENT,WRITER,REGDATE,REPLYCNT,BOARDUP,BOARDDOWN,REPLYENABLED,DELETEDYN) values (21,0,'저녁 뭐 먹을지 댓글 달아줘','나도 참고하게 난 뜨끈한 국밥 먹을 거',21,to_date('21/05/26','RR/MM/DD'),1,0,0,'1','N');
REM INSERTING into DB7.TOM_REPLY
SET DEFINE OFF;
Insert into DB7.TOM_REPLY (RNO,BNO,REPLY,REPLYER,REGDATE,REPLYUP,REPLYDOWN,DELETEDYN) values (6,21,'나도 국밥 먹을래',1,to_date('21/05/26','RR/MM/DD'),0,0,'N');
Insert into DB7.TOM_REPLY (RNO,BNO,REPLY,REPLYER,REGDATE,REPLYUP,REPLYDOWN,DELETEDYN) values (7,20,'ㅎㅇㅎㅇ',1,to_date('21/05/26','RR/MM/DD'),0,0,'N');
Insert into DB7.TOM_REPLY (RNO,BNO,REPLY,REPLYER,REGDATE,REPLYUP,REPLYDOWN,DELETEDYN) values (8,19,'난 치킨은 좋은데 피자는 별로 안 좋아함',1,to_date('21/05/26','RR/MM/DD'),0,0,'N');
Insert into DB7.TOM_REPLY (RNO,BNO,REPLY,REPLYER,REGDATE,REPLYUP,REPLYDOWN,DELETEDYN) values (9,19,'나도',1,to_date('21/05/26','RR/MM/DD'),0,0,'N');
Insert into DB7.TOM_REPLY (RNO,BNO,REPLY,REPLYER,REGDATE,REPLYUP,REPLYDOWN,DELETEDYN) values (10,18,'보드게임은 코로나 때 못 하잖아...',1,to_date('21/05/26','RR/MM/DD'),0,0,'N');
Insert into DB7.TOM_REPLY (RNO,BNO,REPLY,REPLYER,REGDATE,REPLYUP,REPLYDOWN,DELETEDYN) values (11,18,'보드게임 재밌어 근데 너무 비싸',1,to_date('21/05/26','RR/MM/DD'),0,0,'N');
Insert into DB7.TOM_REPLY (RNO,BNO,REPLY,REPLYER,REGDATE,REPLYUP,REPLYDOWN,DELETEDYN) values (12,17,'모나미가 어때서ㅠㅠㅠ',1,to_date('21/05/26','RR/MM/DD'),0,0,'N');
Insert into DB7.TOM_REPLY (RNO,BNO,REPLY,REPLYER,REGDATE,REPLYUP,REPLYDOWN,DELETEDYN) values (13,2,'댓글입니다 ㅇㅇ',35,to_date('21/05/26','RR/MM/DD'),0,0,'Y');
Insert into DB7.TOM_REPLY (RNO,BNO,REPLY,REPLYER,REGDATE,REPLYUP,REPLYDOWN,DELETEDYN) values (1,1,'가죽필통 말고 가죽 운동화는 추천 가능',3,to_date('21/05/10','RR/MM/DD'),0,0,'N');
Insert into DB7.TOM_REPLY (RNO,BNO,REPLY,REPLYER,REGDATE,REPLYUP,REPLYDOWN,DELETEDYN) values (2,1,'걍 다이소에서 사',4,to_date('21/05/10','RR/MM/DD'),0,0,'N');
Insert into DB7.TOM_REPLY (RNO,BNO,REPLY,REPLYER,REGDATE,REPLYUP,REPLYDOWN,DELETEDYN) values (3,2,'나이키에서 텀블러는 안 만드냐',2,to_date('21/05/10','RR/MM/DD'),0,0,'N');
Insert into DB7.TOM_REPLY (RNO,BNO,REPLY,REPLYER,REGDATE,REPLYUP,REPLYDOWN,DELETEDYN) values (4,3,'어쩌라고',1,to_date('21/05/10','RR/MM/DD'),0,0,'N');
Insert into DB7.TOM_REPLY (RNO,BNO,REPLY,REPLYER,REGDATE,REPLYUP,REPLYDOWN,DELETEDYN) values (5,3,'ㅗㅗㅗㅗㅗㅗ',5,to_date('21/05/10','RR/MM/DD'),0,0,'N');
REM INSERTING into DB7.TOM_MEMBER_INFO
SET DEFINE OFF;
Insert into DB7.TOM_MEMBER_INFO (UNO,USERID,USERPW,NICKNAME,REGDATE,ENABLED,EMAIL,INTRODUCE) values (23,'user23','0000','유저23',to_date('21/05/26','RR/MM/DD'),'1','user23@gmail.com','유저23');
Insert into DB7.TOM_MEMBER_INFO (UNO,USERID,USERPW,NICKNAME,REGDATE,ENABLED,EMAIL,INTRODUCE) values (25,'user24','0000','유저23',to_date('21/05/26','RR/MM/DD'),'1','user23@gmail.com','유저23');
Insert into DB7.TOM_MEMBER_INFO (UNO,USERID,USERPW,NICKNAME,REGDATE,ENABLED,EMAIL,INTRODUCE) values (27,'user25','0000','1',to_date('21/05/26','RR/MM/DD'),'1','1','1');
Insert into DB7.TOM_MEMBER_INFO (UNO,USERID,USERPW,NICKNAME,REGDATE,ENABLED,EMAIL,INTRODUCE) values (37,'zbdnjs12','dldidldidh1!','귤귤',to_date('21/05/27','RR/MM/DD'),'1','zbdnjs12@naver.com','귤좋아');
Insert into DB7.TOM_MEMBER_INFO (UNO,USERID,USERPW,NICKNAME,REGDATE,ENABLED,EMAIL,INTRODUCE) values (39,'sunny','0000','써니좋아요',to_date('21/05/27','RR/MM/DD'),'1','sunny@gmail.com','써니 좋아합니다.');
Insert into DB7.TOM_MEMBER_INFO (UNO,USERID,USERPW,NICKNAME,REGDATE,ENABLED,EMAIL,INTRODUCE) values (41,'munny','0000','머니',to_date('21/05/27','RR/MM/DD'),'1','머니','머니');
Insert into DB7.TOM_MEMBER_INFO (UNO,USERID,USERPW,NICKNAME,REGDATE,ENABLED,EMAIL,INTRODUCE) values (43,'kgw123','000','귤',to_date('21/05/27','RR/MM/DD'),'1','zbdnjs12@naver.com',null);
Insert into DB7.TOM_MEMBER_INFO (UNO,USERID,USERPW,NICKNAME,REGDATE,ENABLED,EMAIL,INTRODUCE) values (29,'25','0000','0',to_date('21/05/26','RR/MM/DD'),'1','0','0');
Insert into DB7.TOM_MEMBER_INFO (UNO,USERID,USERPW,NICKNAME,REGDATE,ENABLED,EMAIL,INTRODUCE) values (31,'25','0000','0',to_date('21/05/26','RR/MM/DD'),'1','0','0');
Insert into DB7.TOM_MEMBER_INFO (UNO,USERID,USERPW,NICKNAME,REGDATE,ENABLED,EMAIL,INTRODUCE) values (33,'27','1','1',to_date('21/05/26','RR/MM/DD'),'1','1','1');
Insert into DB7.TOM_MEMBER_INFO (UNO,USERID,USERPW,NICKNAME,REGDATE,ENABLED,EMAIL,INTRODUCE) values (35,'user1004','0000','000',to_date('21/05/26','RR/MM/DD'),'1','00@naver.com','00입니다');
Insert into DB7.TOM_MEMBER_INFO (UNO,USERID,USERPW,NICKNAME,REGDATE,ENABLED,EMAIL,INTRODUCE) values (45,'kgw1','111','00',to_date('21/05/27','RR/MM/DD'),'1','00',null);
Insert into DB7.TOM_MEMBER_INFO (UNO,USERID,USERPW,NICKNAME,REGDATE,ENABLED,EMAIL,INTRODUCE) values (1,'user1','0001','유저1',to_date('21/05/10','RR/MM/DD'),'1','user1@gmail.com','안녕하세요, 유저1입니다.');
Insert into DB7.TOM_MEMBER_INFO (UNO,USERID,USERPW,NICKNAME,REGDATE,ENABLED,EMAIL,INTRODUCE) values (2,'user2','0002','유저2',to_date('21/05/10','RR/MM/DD'),'1','user2@gmail.com','나는 독수리입니다.');
Insert into DB7.TOM_MEMBER_INFO (UNO,USERID,USERPW,NICKNAME,REGDATE,ENABLED,EMAIL,INTRODUCE) values (3,'user3','0003','유저3',to_date('21/05/10','RR/MM/DD'),'1','user3@gmail.com','안녕하세요, 유저3입니다.');
Insert into DB7.TOM_MEMBER_INFO (UNO,USERID,USERPW,NICKNAME,REGDATE,ENABLED,EMAIL,INTRODUCE) values (4,'user4','0004','유저4',to_date('21/05/10','RR/MM/DD'),'1','user4@gmail.com',null);
Insert into DB7.TOM_MEMBER_INFO (UNO,USERID,USERPW,NICKNAME,REGDATE,ENABLED,EMAIL,INTRODUCE) values (5,'user5','0005','유저5',to_date('21/05/10','RR/MM/DD'),'1','user5@gmail.com','안녕하세요, 유저5입니다.');
Insert into DB7.TOM_MEMBER_INFO (UNO,USERID,USERPW,NICKNAME,REGDATE,ENABLED,EMAIL,INTRODUCE) values (6,'user6','0006','유저6',to_date('21/05/18','RR/MM/DD'),'1','user6@gmail.com','v');
Insert into DB7.TOM_MEMBER_INFO (UNO,USERID,USERPW,NICKNAME,REGDATE,ENABLED,EMAIL,INTRODUCE) values (7,'user7','0007','유저7',to_date('21/05/21','RR/MM/DD'),'1','user7@gmail.com','안녕하세요, 유저6');
Insert into DB7.TOM_MEMBER_INFO (UNO,USERID,USERPW,NICKNAME,REGDATE,ENABLED,EMAIL,INTRODUCE) values (8,'user8','0008','유저8',to_date('21/05/21','RR/MM/DD'),'1','user8@gmail.com',null);
Insert into DB7.TOM_MEMBER_INFO (UNO,USERID,USERPW,NICKNAME,REGDATE,ENABLED,EMAIL,INTRODUCE) values (9,'user9','0000','유저',to_date('21/05/26','RR/MM/DD'),'1','user@gmail.com','안녕하세요');
Insert into DB7.TOM_MEMBER_INFO (UNO,USERID,USERPW,NICKNAME,REGDATE,ENABLED,EMAIL,INTRODUCE) values (10,'user10','0000','유저',to_date('21/05/26','RR/MM/DD'),'1','user@gmail.com','안녕하세요');
Insert into DB7.TOM_MEMBER_INFO (UNO,USERID,USERPW,NICKNAME,REGDATE,ENABLED,EMAIL,INTRODUCE) values (11,'user11','0000','유저',to_date('21/05/26','RR/MM/DD'),'1','user@gmail.com','안녕하세요');
Insert into DB7.TOM_MEMBER_INFO (UNO,USERID,USERPW,NICKNAME,REGDATE,ENABLED,EMAIL,INTRODUCE) values (12,'user12','0000','유저',to_date('21/05/26','RR/MM/DD'),'1','user@gmail.com','안녕하세요');
Insert into DB7.TOM_MEMBER_INFO (UNO,USERID,USERPW,NICKNAME,REGDATE,ENABLED,EMAIL,INTRODUCE) values (13,'user13','0000','유저',to_date('21/05/26','RR/MM/DD'),'1','user@gmail.com','안녕하세요');
Insert into DB7.TOM_MEMBER_INFO (UNO,USERID,USERPW,NICKNAME,REGDATE,ENABLED,EMAIL,INTRODUCE) values (14,'user14','0000','유저',to_date('21/05/26','RR/MM/DD'),'1','user@gmail.com','안녕하세요');
Insert into DB7.TOM_MEMBER_INFO (UNO,USERID,USERPW,NICKNAME,REGDATE,ENABLED,EMAIL,INTRODUCE) values (15,'user15','0000','유저',to_date('21/05/26','RR/MM/DD'),'1','user@gmail.com','안녕하세요');
Insert into DB7.TOM_MEMBER_INFO (UNO,USERID,USERPW,NICKNAME,REGDATE,ENABLED,EMAIL,INTRODUCE) values (16,'user16','0000','유저',to_date('21/05/26','RR/MM/DD'),'1','user@gmail.com','안녕하세요');
Insert into DB7.TOM_MEMBER_INFO (UNO,USERID,USERPW,NICKNAME,REGDATE,ENABLED,EMAIL,INTRODUCE) values (17,'user17','1111','유저',to_date('21/05/26','RR/MM/DD'),'1','user@gmail.com','안녕하세요');
Insert into DB7.TOM_MEMBER_INFO (UNO,USERID,USERPW,NICKNAME,REGDATE,ENABLED,EMAIL,INTRODUCE) values (18,'user18','0000','유저',to_date('21/05/26','RR/MM/DD'),'1','user@gmail.com','안녕하세요');
Insert into DB7.TOM_MEMBER_INFO (UNO,USERID,USERPW,NICKNAME,REGDATE,ENABLED,EMAIL,INTRODUCE) values (19,'user19','0000','유저',to_date('21/05/26','RR/MM/DD'),'1','user@gmail.com','안녕하세요');
Insert into DB7.TOM_MEMBER_INFO (UNO,USERID,USERPW,NICKNAME,REGDATE,ENABLED,EMAIL,INTRODUCE) values (20,'user20','0000','유저',to_date('21/05/26','RR/MM/DD'),'1','user@gmail.com','안녕하세요');
Insert into DB7.TOM_MEMBER_INFO (UNO,USERID,USERPW,NICKNAME,REGDATE,ENABLED,EMAIL,INTRODUCE) values (21,'user21','0000','유저',to_date('21/05/26','RR/MM/DD'),'1','user@gmail.com','안녕하세요');
Insert into DB7.TOM_MEMBER_INFO (UNO,USERID,USERPW,NICKNAME,REGDATE,ENABLED,EMAIL,INTRODUCE) values (22,'user22','0000','유저',to_date('21/05/26','RR/MM/DD'),'1','user@gmail.com','안녕하세요');
--------------------------------------------------------
--  DDL for Index SYS_C007769
--------------------------------------------------------

  CREATE UNIQUE INDEX "DB7"."SYS_C007769" ON "DB7"."TOM_TAG_USER" ("TUNO") 
  PCTFREE 10 INITRANS 2 MAXTRANS 255 COMPUTE STATISTICS 
  STORAGE(INITIAL 65536 NEXT 1048576 MINEXTENTS 1 MAXEXTENTS 2147483645
  PCTINCREASE 0 FREELISTS 1 FREELIST GROUPS 1
  BUFFER_POOL DEFAULT FLASH_CACHE DEFAULT CELL_FLASH_CACHE DEFAULT)
  TABLESPACE "USERS" ;
--------------------------------------------------------
--  DDL for Index SYS_C007787
--------------------------------------------------------

  CREATE UNIQUE INDEX "DB7"."SYS_C007787" ON "DB7"."TOM_BOARD_ATTACH" ("BANO") 
  PCTFREE 10 INITRANS 2 MAXTRANS 255 COMPUTE STATISTICS 
  TABLESPACE "USERS" ;
--------------------------------------------------------
--  DDL for Index SYS_C007810
--------------------------------------------------------

  CREATE UNIQUE INDEX "DB7"."SYS_C007810" ON "DB7"."TOM_PROFILE_ATTACH" ("UNO") 
  PCTFREE 10 INITRANS 2 MAXTRANS 255 COMPUTE STATISTICS 
  STORAGE(INITIAL 65536 NEXT 1048576 MINEXTENTS 1 MAXEXTENTS 2147483645
  PCTINCREASE 0 FREELISTS 1 FREELIST GROUPS 1
  BUFFER_POOL DEFAULT FLASH_CACHE DEFAULT CELL_FLASH_CACHE DEFAULT)
  TABLESPACE "USERS" ;
--------------------------------------------------------
--  DDL for Index SYS_C007757
--------------------------------------------------------

  CREATE UNIQUE INDEX "DB7"."SYS_C007757" ON "DB7"."TOM_TAGS" ("TNO") 
  PCTFREE 10 INITRANS 2 MAXTRANS 255 COMPUTE STATISTICS 
  STORAGE(INITIAL 65536 NEXT 1048576 MINEXTENTS 1 MAXEXTENTS 2147483645
  PCTINCREASE 0 FREELISTS 1 FREELIST GROUPS 1
  BUFFER_POOL DEFAULT FLASH_CACHE DEFAULT CELL_FLASH_CACHE DEFAULT)
  TABLESPACE "USERS" ;
--------------------------------------------------------
--  DDL for Index SYS_C007805
--------------------------------------------------------

  CREATE UNIQUE INDEX "DB7"."SYS_C007805" ON "DB7"."TOM_SIREN" ("SNO") 
  PCTFREE 10 INITRANS 2 MAXTRANS 255 COMPUTE STATISTICS 
  STORAGE(INITIAL 65536 NEXT 1048576 MINEXTENTS 1 MAXEXTENTS 2147483645
  PCTINCREASE 0 FREELISTS 1 FREELIST GROUPS 1
  BUFFER_POOL DEFAULT FLASH_CACHE DEFAULT CELL_FLASH_CACHE DEFAULT)
  TABLESPACE "USERS" ;
--------------------------------------------------------
--  DDL for Index BIN$OwB+2uShTGqIKEMgL+7sEA==$0
--------------------------------------------------------

  CREATE UNIQUE INDEX "DB7"."BIN$OwB+2uShTGqIKEMgL+7sEA==$0" ON "DB7"."TOM_BOARD" ("BNO") 
  PCTFREE 10 INITRANS 2 MAXTRANS 255 COMPUTE STATISTICS 
  STORAGE(INITIAL 65536 NEXT 1048576 MINEXTENTS 1 MAXEXTENTS 2147483645
  PCTINCREASE 0 FREELISTS 1 FREELIST GROUPS 1
  BUFFER_POOL DEFAULT FLASH_CACHE DEFAULT CELL_FLASH_CACHE DEFAULT)
  TABLESPACE "USERS" ;
--------------------------------------------------------
--  DDL for Index SYS_C007795
--------------------------------------------------------

  CREATE UNIQUE INDEX "DB7"."SYS_C007795" ON "DB7"."TOM_REPLY" ("RNO") 
  PCTFREE 10 INITRANS 2 MAXTRANS 255 COMPUTE STATISTICS 
  STORAGE(INITIAL 65536 NEXT 1048576 MINEXTENTS 1 MAXEXTENTS 2147483645
  PCTINCREASE 0 FREELISTS 1 FREELIST GROUPS 1
  BUFFER_POOL DEFAULT FLASH_CACHE DEFAULT CELL_FLASH_CACHE DEFAULT)
  TABLESPACE "USERS" ;
--------------------------------------------------------
--  DDL for Index SYS_C007764
--------------------------------------------------------

  CREATE UNIQUE INDEX "DB7"."SYS_C007764" ON "DB7"."TOM_MEMBER_INFO" ("UNO") 
  PCTFREE 10 INITRANS 2 MAXTRANS 255 COMPUTE STATISTICS 
  STORAGE(INITIAL 65536 NEXT 1048576 MINEXTENTS 1 MAXEXTENTS 2147483645
  PCTINCREASE 0 FREELISTS 1 FREELIST GROUPS 1
  BUFFER_POOL DEFAULT FLASH_CACHE DEFAULT CELL_FLASH_CACHE DEFAULT)
  TABLESPACE "USERS" ;
--------------------------------------------------------
--  Constraints for Table TOM_TAG_USER
--------------------------------------------------------

  ALTER TABLE "DB7"."TOM_TAG_USER" MODIFY ("TUNO" NOT NULL ENABLE);
  ALTER TABLE "DB7"."TOM_TAG_USER" MODIFY ("UNO" NOT NULL ENABLE);
  ALTER TABLE "DB7"."TOM_TAG_USER" MODIFY ("TNO" NOT NULL ENABLE);
  ALTER TABLE "DB7"."TOM_TAG_USER" MODIFY ("LEADER" NOT NULL ENABLE);
  ALTER TABLE "DB7"."TOM_TAG_USER" ADD PRIMARY KEY ("TUNO")
  USING INDEX PCTFREE 10 INITRANS 2 MAXTRANS 255 COMPUTE STATISTICS 
  STORAGE(INITIAL 65536 NEXT 1048576 MINEXTENTS 1 MAXEXTENTS 2147483645
  PCTINCREASE 0 FREELISTS 1 FREELIST GROUPS 1
  BUFFER_POOL DEFAULT FLASH_CACHE DEFAULT CELL_FLASH_CACHE DEFAULT)
  TABLESPACE "USERS"  ENABLE;
--------------------------------------------------------
--  Constraints for Table TOM_BOARD_ATTACH
--------------------------------------------------------

  ALTER TABLE "DB7"."TOM_BOARD_ATTACH" MODIFY ("BANO" NOT NULL ENABLE);
  ALTER TABLE "DB7"."TOM_BOARD_ATTACH" MODIFY ("BNO" NOT NULL ENABLE);
  ALTER TABLE "DB7"."TOM_BOARD_ATTACH" MODIFY ("ORIGINALNAME" NOT NULL ENABLE);
  ALTER TABLE "DB7"."TOM_BOARD_ATTACH" MODIFY ("SAVENAME" NOT NULL ENABLE);
  ALTER TABLE "DB7"."TOM_BOARD_ATTACH" MODIFY ("FILESIZE" NOT NULL ENABLE);
  ALTER TABLE "DB7"."TOM_BOARD_ATTACH" MODIFY ("DELETEDYN" NOT NULL ENABLE);
  ALTER TABLE "DB7"."TOM_BOARD_ATTACH" MODIFY ("REGDATE" NOT NULL ENABLE);
  ALTER TABLE "DB7"."TOM_BOARD_ATTACH" ADD PRIMARY KEY ("BANO")
  USING INDEX PCTFREE 10 INITRANS 2 MAXTRANS 255 COMPUTE STATISTICS 
  TABLESPACE "USERS"  ENABLE;
--------------------------------------------------------
--  Constraints for Table TOM_PROFILE_ATTACH
--------------------------------------------------------

  ALTER TABLE "DB7"."TOM_PROFILE_ATTACH" MODIFY ("UNO" NOT NULL ENABLE);
  ALTER TABLE "DB7"."TOM_PROFILE_ATTACH" MODIFY ("UUID" NOT NULL ENABLE);
  ALTER TABLE "DB7"."TOM_PROFILE_ATTACH" MODIFY ("FILEPATH" NOT NULL ENABLE);
  ALTER TABLE "DB7"."TOM_PROFILE_ATTACH" MODIFY ("FILENAME" NOT NULL ENABLE);
  ALTER TABLE "DB7"."TOM_PROFILE_ATTACH" ADD PRIMARY KEY ("UNO")
  USING INDEX PCTFREE 10 INITRANS 2 MAXTRANS 255 COMPUTE STATISTICS 
  STORAGE(INITIAL 65536 NEXT 1048576 MINEXTENTS 1 MAXEXTENTS 2147483645
  PCTINCREASE 0 FREELISTS 1 FREELIST GROUPS 1
  BUFFER_POOL DEFAULT FLASH_CACHE DEFAULT CELL_FLASH_CACHE DEFAULT)
  TABLESPACE "USERS"  ENABLE;
--------------------------------------------------------
--  Constraints for Table TOM_TAGS
--------------------------------------------------------

  ALTER TABLE "DB7"."TOM_TAGS" MODIFY ("TNO" NOT NULL ENABLE);
  ALTER TABLE "DB7"."TOM_TAGS" MODIFY ("TAGS" NOT NULL ENABLE);
  ALTER TABLE "DB7"."TOM_TAGS" ADD PRIMARY KEY ("TNO")
  USING INDEX PCTFREE 10 INITRANS 2 MAXTRANS 255 COMPUTE STATISTICS 
  STORAGE(INITIAL 65536 NEXT 1048576 MINEXTENTS 1 MAXEXTENTS 2147483645
  PCTINCREASE 0 FREELISTS 1 FREELIST GROUPS 1
  BUFFER_POOL DEFAULT FLASH_CACHE DEFAULT CELL_FLASH_CACHE DEFAULT)
  TABLESPACE "USERS"  ENABLE;
--------------------------------------------------------
--  Constraints for Table TOM_SIREN
--------------------------------------------------------

  ALTER TABLE "DB7"."TOM_SIREN" MODIFY ("SNO" NOT NULL ENABLE);
  ALTER TABLE "DB7"."TOM_SIREN" MODIFY ("KICKER" NOT NULL ENABLE);
  ALTER TABLE "DB7"."TOM_SIREN" MODIFY ("KICKED" NOT NULL ENABLE);
  ALTER TABLE "DB7"."TOM_SIREN" MODIFY ("REASON" NOT NULL ENABLE);
  ALTER TABLE "DB7"."TOM_SIREN" MODIFY ("KICKLOC" NOT NULL ENABLE);
  ALTER TABLE "DB7"."TOM_SIREN" ADD PRIMARY KEY ("SNO")
  USING INDEX PCTFREE 10 INITRANS 2 MAXTRANS 255 COMPUTE STATISTICS 
  STORAGE(INITIAL 65536 NEXT 1048576 MINEXTENTS 1 MAXEXTENTS 2147483645
  PCTINCREASE 0 FREELISTS 1 FREELIST GROUPS 1
  BUFFER_POOL DEFAULT FLASH_CACHE DEFAULT CELL_FLASH_CACHE DEFAULT)
  TABLESPACE "USERS"  ENABLE;
--------------------------------------------------------
--  Constraints for Table TOM_BOARD
--------------------------------------------------------

  ALTER TABLE "DB7"."TOM_BOARD" MODIFY ("BNO" NOT NULL ENABLE);
  ALTER TABLE "DB7"."TOM_BOARD" MODIFY ("HITCNT" NOT NULL ENABLE);
  ALTER TABLE "DB7"."TOM_BOARD" MODIFY ("TITLE" NOT NULL ENABLE);
  ALTER TABLE "DB7"."TOM_BOARD" MODIFY ("CONTENT" NOT NULL ENABLE);
  ALTER TABLE "DB7"."TOM_BOARD" MODIFY ("WRITER" NOT NULL ENABLE);
  ALTER TABLE "DB7"."TOM_BOARD" MODIFY ("REPLYCNT" NOT NULL ENABLE);
  ALTER TABLE "DB7"."TOM_BOARD" MODIFY ("BOARDUP" NOT NULL ENABLE);
  ALTER TABLE "DB7"."TOM_BOARD" MODIFY ("BOARDDOWN" NOT NULL ENABLE);
  ALTER TABLE "DB7"."TOM_BOARD" MODIFY ("DELETEDYN" NOT NULL ENABLE);
  ALTER TABLE "DB7"."TOM_BOARD" ADD PRIMARY KEY ("BNO")
  USING INDEX (CREATE UNIQUE INDEX "DB7"."BIN$OwB+2uShTGqIKEMgL+7sEA==$0" ON "DB7"."TOM_BOARD" ("BNO") 
  PCTFREE 10 INITRANS 2 MAXTRANS 255 COMPUTE STATISTICS 
  STORAGE(INITIAL 65536 NEXT 1048576 MINEXTENTS 1 MAXEXTENTS 2147483645
  PCTINCREASE 0 FREELISTS 1 FREELIST GROUPS 1
  BUFFER_POOL DEFAULT FLASH_CACHE DEFAULT CELL_FLASH_CACHE DEFAULT)
  TABLESPACE "USERS" )  ENABLE;
--------------------------------------------------------
--  Constraints for Table TOM_REPLY
--------------------------------------------------------

  ALTER TABLE "DB7"."TOM_REPLY" MODIFY ("RNO" NOT NULL ENABLE);
  ALTER TABLE "DB7"."TOM_REPLY" MODIFY ("BNO" NOT NULL ENABLE);
  ALTER TABLE "DB7"."TOM_REPLY" MODIFY ("REPLY" NOT NULL ENABLE);
  ALTER TABLE "DB7"."TOM_REPLY" MODIFY ("REPLYER" NOT NULL ENABLE);
  ALTER TABLE "DB7"."TOM_REPLY" MODIFY ("REPLYUP" NOT NULL ENABLE);
  ALTER TABLE "DB7"."TOM_REPLY" MODIFY ("REPLYDOWN" NOT NULL ENABLE);
  ALTER TABLE "DB7"."TOM_REPLY" MODIFY ("DELETEDYN" NOT NULL ENABLE);
  ALTER TABLE "DB7"."TOM_REPLY" ADD PRIMARY KEY ("RNO")
  USING INDEX PCTFREE 10 INITRANS 2 MAXTRANS 255 COMPUTE STATISTICS 
  STORAGE(INITIAL 65536 NEXT 1048576 MINEXTENTS 1 MAXEXTENTS 2147483645
  PCTINCREASE 0 FREELISTS 1 FREELIST GROUPS 1
  BUFFER_POOL DEFAULT FLASH_CACHE DEFAULT CELL_FLASH_CACHE DEFAULT)
  TABLESPACE "USERS"  ENABLE;
--------------------------------------------------------
--  Constraints for Table TOM_MEMBER_INFO
--------------------------------------------------------

  ALTER TABLE "DB7"."TOM_MEMBER_INFO" MODIFY ("UNO" NOT NULL ENABLE);
  ALTER TABLE "DB7"."TOM_MEMBER_INFO" MODIFY ("USERID" NOT NULL ENABLE);
  ALTER TABLE "DB7"."TOM_MEMBER_INFO" MODIFY ("USERPW" NOT NULL ENABLE);
  ALTER TABLE "DB7"."TOM_MEMBER_INFO" MODIFY ("NICKNAME" NOT NULL ENABLE);
  ALTER TABLE "DB7"."TOM_MEMBER_INFO" MODIFY ("REGDATE" NOT NULL ENABLE);
  ALTER TABLE "DB7"."TOM_MEMBER_INFO" MODIFY ("EMAIL" NOT NULL ENABLE);
  ALTER TABLE "DB7"."TOM_MEMBER_INFO" ADD PRIMARY KEY ("UNO")
  USING INDEX PCTFREE 10 INITRANS 2 MAXTRANS 255 COMPUTE STATISTICS 
  STORAGE(INITIAL 65536 NEXT 1048576 MINEXTENTS 1 MAXEXTENTS 2147483645
  PCTINCREASE 0 FREELISTS 1 FREELIST GROUPS 1
  BUFFER_POOL DEFAULT FLASH_CACHE DEFAULT CELL_FLASH_CACHE DEFAULT)
  TABLESPACE "USERS"  ENABLE;
